DateTime,vuser,Tests,Errors,Mean_Test_Time_(ms),Test_Time_Standard_Deviation_(ms),TPS,Mean_response_length,Response_bytes_per_second,Response_errors,Mean_time_to_resolve_host,Mean_time_to_establish_connection,Mean_time_to_first_byte,Description,Tests-1,Errors-1,Mean_Test_Time_(ms)-1,Test_Time_Standard_Deviation_(ms)-1,TPS-1,Mean_response_length-1,Response_bytes_per_second-1,Response_errors-1,Mean_time_to_resolve_host-1,Mean_time_to_establish_connection-1,Mean_time_to_first_byte-1,Description,Tests-2,Errors-2,Mean_Test_Time_(ms)-2,Test_Time_Standard_Deviation_(ms)-2,TPS-2,Mean_response_length-2,Response_bytes_per_second-2,Response_errors-2,Mean_time_to_resolve_host-2,Mean_time_to_establish_connection-2,Mean_time_to_first_byte-2
2026-04-09 13:32:06,50,180,0,798.328,600.35,90,738.094,66428.5,0,0,45.633,732.778,GET /api/v1/products (list),140,0,777.186,595.408,70,887.029,62092,0,0,46.986,684.421,GET /api/v1/products/{id} (detail),40,0,872.325,611.606,20,216.825,4336.5,0,0,40.9,902.025
2026-04-09 13:32:08,50,263,0,397.274,243.693,131.5,597.323,78548,0,0,2.224,388.711,GET /api/v1/products (list),215,0,398.265,248.235,107.5,682.228,73339.5,0,0,2.181,386.707,GET /api/v1/products/{id} (detail),48,0,392.833,222.161,24,217.021,5208.5,0,0,2.417,397.688
2026-04-09 13:32:10,50,332,0,307.569,182.51,166,619.877,102899.5,0,0,1.765,300.699,GET /api/v1/products (list),265,0,293.419,185.113,132.5,721.925,95655,0,0,1.725,280.808,GET /api/v1/products/{id} (detail),67,0,363.537,160.002,33.5,216.254,7244.5,0,0,1.925,379.373
2026-04-09 13:32:12,50,351,0,287.493,188.188,175.5,757.53,132946.5,0,0,1.513,283.313,GET /api/v1/products (list),290,0,274.314,186.243,145,871.386,126351,0,0,1.469,276.079,GET /api/v1/products/{id} (detail),61,0,350.148,184.728,30.5,216.246,6595.5,0,0,1.721,317.705
2026-04-09 13:32:14,50,397,0,254.662,151.037,198.5,705.511,140044,0,0,1.285,249.234,GET /api/v1/products (list),308,0,245.656,151.522,154,846.938,130428.5,0,0,1.292,235.448,GET /api/v1/products/{id} (detail),89,0,285.831,145.095,44.5,216.079,9615.5,0,0,1.258,296.944
2026-04-09 13:32:16,50,423,0,234.348,139.107,211.5,706.033,149326,0,0,1.303,230.411,GET /api/v1/products (list),343,0,230.953,139.368,171.5,820.201,140664.5,0,0,1.315,231.236,GET /api/v1/products/{id} (detail),80,0,248.9,137.032,40,216.537,8661.5,0,0,1.25,226.875
2026-04-09 13:32:18,50,477,0,210.897,134.298,238.5,705.285,168210.5,0,0,1.306,207.214,GET /api/v1/products (list),396,0,205.619,134.869,198,805.192,159428,0,0,1.192,210.576,GET /api/v1/products/{id} (detail),81,0,236.704,128.387,40.5,216.852,8782.5,0,0,1.864,190.778
2026-04-09 13:32:20,50,480,0,209.89,138.59,240,645.227,154854.5,0,0,0.996,207.319,GET /api/v1/products (list),377,0,203.849,137.893,188.5,762.326,143698.5,0,0,0.989,216.419,GET /api/v1/products/{id} (detail),103,0,232,138.89,51.5,216.621,11156,0,0,1.019,174.01
2026-04-09 13:32:22,50,567,0,176.961,123.806,283.5,661.496,187534,0,0,0.991,174.556,GET /api/v1/products (list),460,0,164.18,118.715,230,764.948,175938,0,0,0.972,165.113,GET /api/v1/products/{id} (detail),107,0,231.907,130.056,53.5,216.748,11596,0,0,1.075,215.15
2026-04-09 13:32:24,50,595,0,168.138,114.484,297.5,653.425,194394,0,0,0.978,165.618,GET /api/v1/products (list),473,0,157.015,112.227,236.5,766.256,181219.5,0,0,0.973,157.328,GET /api/v1/products/{id} (detail),122,0,211.262,112.921,61,215.975,13174.5,0,0,1,197.762
2026-04-09 13:32:26,50,699,0,143.625,100.06,349.5,672.84,235157.5,0,0,0.848,141.883,GET /api/v1/products (list),579,0,136.858,98.492,289.5,767.416,222167,0,0,0.867,134.368,GET /api/v1/products/{id} (detail),120,0,176.275,101.132,60,216.508,12990.5,0,0,0.758,178.142
2026-04-09 13:32:28,50,687,0,144.189,103.921,343.5,662.767,227660.5,0,0,0.889,142.806,GET /api/v1/products (list),562,0,138.973,103.675,281,762.16,214167,0,0,0.909,141.562,GET /api/v1/products/{id} (detail),125,0,167.64,101.768,62.5,215.896,13493.5,0,0,0.8,148.4
2026-04-09 13:32:30,50,595,0,167.439,145.296,297.5,663.16,197290,0,0,0.993,165.076,GET /api/v1/products (list),472,0,160.972,142.078,236,779.511,183964.5,0,0,0.987,157.489,GET /api/v1/products/{id} (detail),123,0,192.252,154.539,61.5,216.675,13325.5,0,0,1.016,194.187
2026-04-09 13:32:32,50,780,0,130.387,89.212,390,692.335,270010.5,0,0,0.906,129.241,GET /api/v1/products (list),640,0,125.467,90.107,320,796.436,254859.5,0,0,0.908,124.036,GET /api/v1/products/{id} (detail),140,0,152.879,81.297,70,216.443,15151,0,0,0.9,153.036
2026-04-09 13:32:34,50,810,0,122.986,84.8,405,636.077,257611,0,0,0.804,121.662,GET /api/v1/products (list),660,0,122.179,85.968,330,731.436,241374,0,0,0.789,121.376,GET /api/v1/products/{id} (detail),150,0,126.54,79.359,75,216.493,16237,0,0,0.867,122.92
2026-04-09 13:32:36,50,817,0,122.126,85.796,408.5,667.405,272635,0,0,0.849,120.956,GET /api/v1/products (list),650,0,121.82,84.236,325,783.246,254555,0,0,0.855,121.734,GET /api/v1/products/{id} (detail),167,0,123.317,91.604,83.5,216.527,18080,0,0,0.826,117.928
2026-04-09 13:32:38,50,831,0,120.065,84.67,415.5,631.755,262494,0,0,0.801,119.049,GET /api/v1/products (list),660,0,116.897,83.533,330,739.252,243953,0,0,0.802,115.43,GET /api/v1/products/{id} (detail),171,0,132.292,87.857,85.5,216.854,18541,0,0,0.801,133.018
2026-04-09 13:32:40,50,853,0,116.54,83.998,426.5,704.393,300423.5,0,0,0.843,115.308,GET /api/v1/products (list),680,0,114.846,83.215,340,828.499,281689.5,0,0,0.849,112.779,GET /api/v1/products/{id} (detail),173,0,123.202,86.688,86.5,216.578,18734,0,0,0.821,125.249
2026-04-09 13:32:42,50,810,0,123.868,86.812,405,634.926,257145,0,0,1.626,122.532,GET /api/v1/products (list),616,0,118.532,85.672,308,766.731,236153,0,0,1.682,120.851,GET /api/v1/products/{id} (detail),194,0,140.809,88.222,97,216.412,20992,0,0,1.448,127.871
2026-04-09 13:32:44,50,802,0,124.06,86.754,401,660.772,264969.5,0,0,1.355,122.712,GET /api/v1/products (list),644,0,124.581,87.841,322,769.697,247842.5,0,0,1.337,124.885,GET /api/v1/products/{id} (detail),158,0,121.937,82.136,79,216.797,17127,0,0,1.43,113.854
2026-04-09 13:32:46,50,851,0,116.927,77.872,425.5,643.872,273967.5,0,0,1.002,115.764,GET /api/v1/products (list),688,0,116.392,79.006,344,745.067,256303,0,0,0.988,114.15,GET /api/v1/products/{id} (detail),163,0,119.184,72.847,81.5,216.742,17664.5,0,0,1.061,122.577
2026-04-09 13:32:48,50,821,0,122.045,88.295,410.5,709.19,291122.5,0,0,1.082,120.79,GET /api/v1/products (list),666,0,119.667,87.982,333,823.829,274335,0,0,1.078,117.26,GET /api/v1/products/{id} (detail),155,0,132.265,88.908,77.5,216.613,16787.5,0,0,1.097,135.961
2026-04-09 13:32:50,50,873,0,113.741,78.595,436.5,631.362,275589.5,0,0,0.874,112.729,GET /api/v1/products (list),700,0,109.281,78.147,350,733.943,256880,0,0,0.876,109.633,GET /api/v1/products/{id} (detail),173,0,131.786,77.815,86.5,216.295,18709.5,0,0,0.867,125.254
2026-04-09 13:32:52,50,888,0,112.238,84.729,444,720.579,319937,0,0,1.007,110.988,GET /api/v1/products (list),709,0,109.272,84.3,354.5,847.798,300544.5,0,0,0.997,108.023,GET /api/v1/products/{id} (detail),179,0,123.983,85.403,89.5,216.676,19392.5,0,0,1.045,122.732
2026-04-09 13:32:54,50,907,0,110.421,82.51,453.5,664.028,301136.5,0,0,0.918,109.441,GET /api/v1/products (list),727,0,109.026,82.376,363.5,774.869,281665,0,0,0.938,105.763,GET /api/v1/products/{id} (detail),180,0,116.056,82.812,90,216.35,19471.5,0,0,0.839,124.294
2026-04-09 13:32:56,50,908,0,109.642,81.078,454,695.18,315611.5,0,0,0.818,108.862,GET /api/v1/products (list),716,0,105.972,80.466,358,823.549,294830.5,0,0,0.818,104.574,GET /api/v1/products/{id} (detail),192,0,123.328,81.883,96,216.469,20781,0,0,0.818,124.854
2026-04-09 13:32:58,50,934,0,107.383,75.358,467,647.398,302335,0,0,0.889,106.486,GET /api/v1/products (list),724,0,106.068,76.171,362,772.337,279586,0,0,0.892,107.138,GET /api/v1/products/{id} (detail),210,0,111.919,72.302,105,216.657,22749,0,0,0.876,104.238
2026-04-09 13:33:00,50,920,0,108.496,84.989,460,635.792,292464.5,0,0,0.773,107.612,GET /api/v1/products (list),733,0,107.124,86.207,366.5,742.798,272235.5,0,0,0.775,108.222,GET /api/v1/products/{id} (detail),187,0,113.872,79.811,93.5,216.353,20229,0,0,0.765,105.219
2026-04-09 13:33:02,50,884,0,113.29,81.307,442,644.712,284962.5,0,0,0.773,112.212,GET /api/v1/products (list),694,0,111.532,82.628,347,761.918,264385.5,0,0,0.762,110.421,GET /api/v1/products/{id} (detail),190,0,119.711,75.942,95,216.6,20577,0,0,0.811,118.753
2026-04-09 13:33:04,50,1080,0,103.569,78.207,540,657.622,355116,0,0,0.803,102.715,GET /api/v1/products (list),884,0,101.877,77.316,442,755.424,333897.5,0,0,0.805,100.842,GET /api/v1/products/{id} (detail),196,0,111.199,81.667,98,216.515,21218.5,0,0,0.791,111.163
2026-04-09 13:33:06,50,949,0,105.891,81.217,474.5,676.858,321169,0,0,0.795,104.883,GET /api/v1/products (list),755,0,103.156,80.563,377.5,795.211,300192,0,0,0.795,104.032,GET /api/v1/products/{id} (detail),194,0,116.536,82.859,97,216.258,20977,0,0,0.794,108.196
2026-04-09 13:33:08,50,963,0,103.693,77.329,481.5,655.146,315453,0,0,0.708,102.871,GET /api/v1/products (list),762,0,99.524,75.087,381,770.904,293714.5,0,0,0.718,99.711,GET /api/v1/products/{id} (detail),201,0,119.498,83.425,100.5,216.303,21738.5,0,0,0.672,114.851
2026-04-09 13:33:10,50,1013,0,99.169,77.35,506.5,639.408,323860,0,0,0.713,98.521,GET /api/v1/products (list),819,0,96.86,77.055,409.5,739.54,302841.5,0,0,0.716,96.603,GET /api/v1/products/{id} (detail),194,0,108.918,77.831,97,216.686,21018.5,0,0,0.701,106.619
2026-04-09 13:33:12,50,960,0,103.249,79.201,480,686.672,329602.5,0,0,0.675,102.224,GET /api/v1/products (list),762,0,99.492,78.299,381,808.835,308166,0,0,0.669,99.404,GET /api/v1/products/{id} (detail),198,0,117.707,80.969,99,216.53,21436.5,0,0,0.697,113.076
2026-04-09 13:33:14,50,979,0,102.796,81.396,489.5,698.128,341733.5,0,0,0.782,101.803,GET /api/v1/products (list),784,0,102.084,80.446,392,817.92,320624.5,0,0,0.784,102.042,GET /api/v1/products/{id} (detail),195,0,105.656,85.05,97.5,216.503,21109,0,0,0.774,100.841
2026-04-09 13:33:16,50,965,0,103.099,80.026,482.5,684.844,330437,0,0,0.731,102.234,GET /api/v1/products (list),790,0,100.652,78.489,395,788.61,311501,0,0,0.732,101.172,GET /api/v1/products/{id} (detail),175,0,114.149,85.761,87.5,216.411,18936,0,0,0.726,107.029
2026-04-09 13:33:18,50,971,0,102.607,77.005,485.5,649.479,315322,0,0,0.8,101.681,GET /api/v1/products (list),779,0,99.334,76.374,389.5,756.175,294530,0,0,0.805,100.223,GET /api/v1/products/{id} (detail),192,0,115.885,78.12,96,216.583,20792,0,0,0.781,107.594
2026-04-09 13:33:20,50,1047,0,96.605,73.189,523.5,693.051,362812,0,0,0.737,95.746,GET /api/v1/products (list),842,0,93.825,72.322,421,809.032,340602.5,0,0,0.741,92.517,GET /api/v1/products/{id} (detail),205,0,108.02,75.583,102.5,216.678,22209.5,0,0,0.722,109.01
2026-04-09 13:33:22,50,1020,0,97.04,67.314,510,673.242,343353.5,0,0,0.759,96.053,GET /api/v1/products (list),803,0,97.905,68.77,401.5,796.682,319868,0,0,0.758,99.341,GET /api/v1/products/{id} (detail),217,0,93.839,61.519,108.5,216.456,23485.5,0,0,0.76,83.885
2026-04-09 13:33:24,50,1037,0,96.59,73.252,518.5,711.895,369117.5,0,0,0.683,95.948,GET /api/v1/products (list),813,0,96.376,74.619,406.5,848.339,344850,0,0,0.69,95.54,GET /api/v1/products/{id} (detail),224,0,97.366,68.052,112,216.674,24267.5,0,0,0.656,97.429
2026-04-09 13:33:26,50,1054,0,95.577,70.59,527,666.071,351019.5,0,0,0.705,94.857,GET /api/v1/products (list),847,0,95.667,71.609,423.5,775.954,328616.5,0,0,0.705,95.632,GET /api/v1/products/{id} (detail),207,0,95.208,66.255,103.5,216.454,22403,0,0,0.705,91.686
2026-04-09 13:33:28,50,1059,0,94.037,71.279,529.5,693.517,367217.5,0,0,0.7,93.13,GET /api/v1/products (list),842,0,90.884,70.487,421,816.322,343671.5,0,0,0.689,90.019,GET /api/v1/products/{id} (detail),217,0,106.272,72.992,108.5,217.014,23546,0,0,0.742,105.203
2026-04-09 13:33:30,50,1016,0,97.854,76.054,508,676.546,343685.5,0,0,0.679,97.136,GET /api/v1/products (list),818,0,95.933,77.443,409,787.897,322250,0,0,0.672,93.963,GET /api/v1/products/{id} (detail),198,0,105.793,69.462,99,216.52,21435.5,0,0,0.707,110.242
2026-04-09 13:33:32,50,1084,0,92.75,73.104,542,666.39,361183.5,0,0,0.642,91.916,GET /api/v1/products (list),873,0,91.901,73.551,436.5,775.044,338306.5,0,0,0.668,92.655,GET /api/v1/products/{id} (detail),211,0,96.261,71.118,105.5,216.844,22877,0,0,0.536,88.858
2026-04-09 13:33:34,50,1114,0,89.487,68.265,557,667.981,372065.5,0,0,0.686,89.214,GET /api/v1/products (list),892,0,85.432,67.072,446,780.298,348013,0,0,0.674,85.225,GET /api/v1/products/{id} (detail),222,0,105.779,70.548,111,216.689,24052.5,0,0,0.734,105.239
2026-04-09 13:33:36,50,1156,0,86.859,70.766,578,690.67,399207.5,0,0,0.712,85.862,GET /api/v1/products (list),930,0,86.384,71.4,465,805.855,374722.5,0,0,0.717,83.797,GET /api/v1/products/{id} (detail),226,0,88.814,68.061,113,216.681,24485,0,0,0.69,94.363
2026-04-09 13:33:38,50,1128,0,87.698,68.141,564,684.789,386221,0,0,0.612,87.045,GET /api/v1/products (list),892,0,85.263,67.402,446,808.591,360631.5,0,0,0.608,83.75,GET /api/v1/products/{id} (detail),236,0,96.898,70.106,118,216.86,25589.5,0,0,0.627,99.5
2026-04-09 13:33:40,50,1196,0,84.461,66.999,598,654.355,391304,0,0,0.657,83.85,GET /api/v1/products (list),970,0,83.811,67.373,485,756.291,366801,0,0,0.663,82.575,GET /api/v1/products/{id} (detail),226,0,87.248,65.296,113,216.841,24503,0,0,0.633,89.323
2026-04-09 13:33:42,50,1232,0,80.965,62.94,616,695.041,428145,0,0,0.658,80.424,GET /api/v1/products (list),1004,0,79.447,62.915,502,803.693,403454,0,0,0.662,77.83,GET /api/v1/products/{id} (detail),228,0,87.649,62.614,114,216.588,24691,0,0,0.64,91.846
2026-04-09 13:33:44,50,1209,0,82.28,64.83,604.5,738.94,446689.5,0,0,0.65,81.573,GET /api/v1/products (list),983,0,79.692,63.739,491.5,859.054,422225,0,0,0.644,79.221,GET /api/v1/products/{id} (detail),226,0,93.535,68.243,113,216.5,24464.5,0,0,0.677,91.805
2026-04-09 13:33:46,50,1203,0,83.305,65.733,601.5,650.965,391555.5,0,0,0.633,82.612,GET /api/v1/products (list),956,0,82.643,65.86,478,763.144,364783,0,0,0.635,83.668,GET /api/v1/products/{id} (detail),247,0,85.866,65.175,123.5,216.781,26772.5,0,0,0.623,78.522
2026-04-09 13:33:48,50,1137,0,87.797,66.783,568.5,654.42,372038,0,0,0.691,87.175,GET /api/v1/products (list),924,0,85.857,67.279,462,755.32,348958,0,0,0.696,84.656,GET /api/v1/products/{id} (detail),213,0,96.211,63.906,106.5,216.714,23080,0,0,0.671,98.103
2026-04-09 13:33:50,50,1196,0,83.068,66.728,598,661.787,395748.5,0,0,0.732,82.492,GET /api/v1/products (list),961,0,83.24,68.108,480.5,770.684,370313.5,0,0,0.74,83.711,GET /api/v1/products/{id} (detail),235,0,82.362,60.754,117.5,216.468,25435,0,0,0.702,77.506
2026-04-09 13:33:52,50,1204,0,83.781,64.933,602,636.075,382917,0,0,0.733,83.199,GET /api/v1/products (list),953,0,82.171,65.166,476.5,746.53,355721.5,0,0,0.73,82.701,GET /api/v1/products/{id} (detail),251,0,89.892,63.672,125.5,216.697,27195.5,0,0,0.741,85.092
2026-04-09 13:33:54,50,1232,0,81.13,60.23,616,658.377,405560,0,0,0.718,80.477,GET /api/v1/products (list),991,0,79.194,60.317,495.5,765.862,379484.5,0,0,0.728,78.119,GET /api/v1/products/{id} (detail),241,0,89.091,59.211,120.5,216.394,26075.5,0,0,0.68,90.174
2026-04-09 13:33:56,50,1269,0,78.243,61.329,634.5,657.373,417103,0,0,0.708,77.638,GET /api/v1/products (list),1029,0,76.752,60.793,514.5,760.19,391118,0,0,0.715,74.982,GET /api/v1/products/{id} (detail),240,0,84.638,63.179,120,216.542,25985,0,0,0.675,89.025
2026-04-09 13:33:58,50,1261,0,79.389,61.507,630.5,662.784,417885,0,0,0.653,78.787,GET /api/v1/products (list),1022,0,79.017,61.299,511,767.159,392018,0,0,0.649,78.06,GET /api/v1/products/{id} (detail),239,0,80.983,62.365,119.5,216.46,25867,0,0,0.669,81.895
2026-04-09 13:34:00,50,1226,0,81.069,66.632,613,696.029,426666,0,0,0.583,80.516,GET /api/v1/products (list),996,0,79.044,65.296,498,806.807,401790,0,0,0.58,79.205,GET /api/v1/products/{id} (detail),230,0,89.839,71.476,115,216.313,24876,0,0,0.596,86.196
2026-04-09 13:34:02,50,1212,0,82.993,66.527,606,689.776,418004,0,0,0.662,82.413,GET /api/v1/products (list),972,0,82.586,66.131,486,806.639,392026.5,0,0,0.655,81.923,GET /api/v1/products/{id} (detail),240,0,84.642,68.082,120,216.479,25977.5,0,0,0.688,84.396
2026-04-09 13:34:04,50,1244,0,80.326,62.318,622,687.48,427612.5,0,0,0.675,79.641,GET /api/v1/products (list),1004,0,78.811,62.069,502,800.064,401632,0,0,0.671,78.618,GET /api/v1/products/{id} (detail),240,0,86.662,62.952,120,216.504,25980.5,0,0,0.692,83.925
2026-04-09 13:34:06,50,1322,0,76.112,60.067,661,653.144,431728,0,0,0.659,75.616,GET /api/v1/products (list),1040,0,74.769,61.07,520,771.521,401191,0,0,0.661,75.748,GET /api/v1/products/{id} (detail),282,0,81.064,55.935,141,216.574,30537,0,0,0.652,75.128
2026-04-09 13:34:08,50,1301,0,76.186,58.979,650.5,678.447,441329.5,0,0,0.607,75.852,GET /api/v1/products (list),1041,0,74.96,58.968,520.5,793.793,413169.5,0,0,0.618,74.284,GET /api/v1/products/{id} (detail),260,0,81.096,58.769,130,216.615,28160,0,0,0.565,82.127
2026-04-09 13:34:10,50,1314,0,75.973,61.123,657,688.846,452572,0,0,0.615,75.255,GET /api/v1/products (list),1056,0,74.682,60.42,528,804.187,424610.5,0,0,0.608,73.875,GET /api/v1/products/{id} (detail),258,0,81.26,63.649,129,216.756,27961.5,0,0,0.643,80.903
2026-04-09 13:34:12,50,1275,0,79.129,62.432,637.5,690.572,440239.5,0,0,0.624,78.565,GET /api/v1/products (list),1013,0,76.337,61.59,506.5,813.149,411860,0,0,0.625,76.069,GET /api/v1/products/{id} (detail),262,0,89.927,64.458,131,216.637,28379.5,0,0,0.618,88.214
2026-04-09 13:34:14,50,1369,0,72.826,56.686,684.5,670.595,459022,0,0,0.695,72.324,GET /api/v1/products (list),1098,0,71.059,56.62,549,782.704,429704.5,0,0,0.691,71.343,GET /api/v1/products/{id} (detail),271,0,79.985,56.387,135.5,216.365,29317.5,0,0,0.708,76.299
2026-04-09 13:34:16,50,1324,0,75.106,57.764,662,665.267,440406.5,0,0,0.6,74.628,GET /api/v1/products (list),1069,0,75.059,58.777,534.5,772.268,412777.5,0,0,0.602,74.751,GET /api/v1/products/{id} (detail),255,0,75.306,53.311,127.5,216.698,27629,0,0,0.588,74.11
2026-04-09 13:34:18,50,1287,0,78.322,64.838,643.5,687.553,442440.5,0,0,0.552,77.755,GET /api/v1/products (list),1044,0,77.292,65.536,522,797.172,416124,0,0,0.553,77.873,GET /api/v1/products/{id} (detail),243,0,82.749,61.556,121.5,216.597,26316.5,0,0,0.547,77.251
2026-04-09 13:34:20,50,1398,0,71.251,55.467,699,663.812,464004.5,0,0,0.588,70.694,GET /api/v1/products (list),1137,0,70.354,55.438,568.5,766.385,435690,0,0,0.6,69.724,GET /api/v1/products/{id} (detail),261,0,75.161,55.426,130.5,216.969,28314.5,0,0,0.536,74.92
2026-04-09 13:34:22,50,1395,0,71.421,55.373,697.5,671.338,468258,0,0,0.584,70.896,GET /api/v1/products (list),1115,0,69.218,54.461,557.5,785.558,437948.5,0,0,0.599,69.292,GET /api/v1/products/{id} (detail),280,0,80.193,58.042,140,216.496,30309.5,0,0,0.521,77.282
2026-04-09 13:34:24,50,1378,0,71.895,56.859,689,662.392,456388,0,0,0.646,71.265,GET /api/v1/products (list),1093,0,72.371,57.314,546.5,778.644,425529,0,0,0.644,73.438,GET /api/v1/products/{id} (detail),285,0,70.07,55.04,142.5,216.554,30859,0,0,0.653,62.93
2026-04-09 13:34:26,50,1333,0,75.27,58.258,666.5,667.529,444908,0,0,0.578,74.758,GET /api/v1/products (list),1085,0,74.193,58.796,542.5,770.655,418080.5,0,0,0.569,72.123,GET /api/v1/products/{id} (detail),248,0,79.984,55.6,124,216.351,26827.5,0,0,0.617,86.29
2026-04-09 13:34:28,50,1401,0,71.837,57.184,700.5,719.691,504143.5,0,0,0.581,71.223,GET /api/v1/products (list),1146,0,70.982,57.917,573,831.629,476523.5,0,0,0.58,71.432,GET /api/v1/products/{id} (detail),255,0,75.678,53.596,127.5,216.627,27620,0,0,0.584,70.286
2026-04-09 13:34:30,50,1277,0,77.874,67.594,638.5,654.792,418084.5,0,0,0.559,77.082,GET /api/v1/products (list),1015,0,78.514,68.607,507.5,767.864,389691,0,0,0.568,77.304,GET /api/v1/products/{id} (detail),262,0,75.393,63.456,131,216.744,28393.5,0,0,0.523,76.221
2026-04-09 13:34:32,50,1373,0,72.953,56.35,686.5,692.299,475263,0,0,0.61,72.456,GET /api/v1/products (list),1101,0,72.341,57.087,550.5,809.74,445762,0,0,0.605,73.451,GET /api/v1/products/{id} (detail),272,0,75.434,53.193,136,216.919,29501,0,0,0.629,68.426
2026-04-09 13:34:34,50,1420,0,70.48,57.204,710,697.072,494921,0,0,0.62,69.916,GET /api/v1/products (list),1149,0,69.464,57.626,574.5,810.434,465594.5,0,0,0.625,69.827,GET /api/v1/products/{id} (detail),271,0,74.79,55.169,135.5,216.432,29326.5,0,0,0.601,70.295
2026-04-09 13:34:36,50,1448,0,68.825,52.401,724,629.157,455510,0,0,0.661,68.336,GET /api/v1/products (list),1159,0,67.849,52.726,579.5,731.999,424193.5,0,0,0.66,68.464,GET /api/v1/products/{id} (detail),289,0,72.74,50.887,144.5,216.723,31316.5,0,0,0.664,67.82
2026-04-09 13:34:38,50,1419,0,70.467,56.469,709.5,630.389,447261,0,0,0.626,69.957,GET /api/v1/products (list),1116,0,68.917,56.588,558,742.832,414500,0,0,0.625,70.065,GET /api/v1/products/{id} (detail),303,0,76.178,55.657,151.5,216.244,32761,0,0,0.63,69.561
2026-04-09 13:34:40,50,1450,0,68.84,51.973,725,657.712,476841.5,0,0,0.635,68.426,GET /api/v1/products (list),1154,0,67.873,52.011,577,770.855,444783.5,0,0,0.627,67.841,GET /api/v1/products/{id} (detail),296,0,72.611,51.65,148,216.608,32058,0,0,0.669,70.709
2026-04-09 13:34:42,50,1447,0,69.33,55.012,723.5,682.662,493906,0,0,0.626,68.921,GET /api/v1/products (list),1169,0,66.868,53.643,584.5,793.52,463812.5,0,0,0.625,67.542,GET /api/v1/products/{id} (detail),278,0,79.68,59.32,139,216.5,30093.5,0,0,0.629,74.716
2026-04-09 13:34:44,50,1491,0,66.97,52.224,745.5,664.095,495082.5,0,0,0.666,66.48,GET /api/v1/products (list),1212,0,65.677,51.802,606,767.088,464855.5,0,0,0.686,65.625,GET /api/v1/products/{id} (detail),279,0,72.591,53.659,139.5,216.681,30227,0,0,0.577,70.194
2026-04-09 13:34:46,50,1434,0,69.69,53.263,717,669.635,480128,0,0,0.656,69.294,GET /api/v1/products (list),1146,0,69.551,53.876,573,783.463,448924.5,0,0,0.654,69.633,GET /api/v1/products/{id} (detail),288,0,70.24,50.745,144,216.691,31203.5,0,0,0.66,67.944
2026-04-09 13:34:48,50,1496,0,66.92,51.08,748,712.046,532610.5,0,0,0.721,66.496,GET /api/v1/products (list),1239,0,66.096,51.767,619.5,814.88,504818,0,0,0.712,65.832,GET /api/v1/products/{id} (detail),257,0,70.895,47.426,128.5,216.284,27792.5,0,0,0.763,69.696
2026-04-09 13:34:50,50,1459,0,68.011,52.122,729.5,698.743,509733,0,0,0.7,67.597,GET /api/v1/products (list),1189,0,66.473,51.671,594.5,808.315,480543.5,0,0,0.694,66.467,GET /api/v1/products/{id} (detail),270,0,74.785,53.538,135,216.219,29189.5,0,0,0.726,72.574
2026-04-09 13:34:52,50,1427,0,69.978,51.827,713.5,720.295,513930.5,0,0,0.797,69.498,GET /api/v1/products (list),1115,0,70.035,52.146,557.5,861.238,480140,0,0,0.795,69.959,GET /api/v1/products/{id} (detail),312,0,69.776,50.67,156,216.606,33790.5,0,0,0.808,67.853
2026-04-09 13:34:54,50,1453,0,68.947,51.025,726.5,675.077,490443.5,0,0,0.843,68.587,GET /api/v1/products (list),1183,0,68.149,51.298,591.5,779.72,461204.5,0,0,0.844,67.645,GET /api/v1/products/{id} (detail),270,0,72.444,49.657,135,216.585,29239,0,0,0.841,72.715
2026-04-09 13:34:56,50,1457,0,68.227,51.53,728.5,640.399,466530.5,0,0,0.696,67.844,GET /api/v1/products (list),1138,0,67.393,51.427,569,759.219,431995.5,0,0,0.691,67.57,GET /api/v1/products/{id} (detail),319,0,71.204,51.788,159.5,216.52,34535,0,0,0.715,68.821
2026-04-09 13:34:58,50,1498,0,67.118,51.419,749,666.032,498858,0,0,0.707,66.72,GET /api/v1/products (list),1193,0,65.894,52.602,596.5,780.992,465861.5,0,0,0.705,65.614,GET /api/v1/products/{id} (detail),305,0,71.905,46.192,152.5,216.37,32996.5,0,0,0.715,71.046
2026-04-09 13:35:00,50,1506,0,66.191,52.372,753,652.531,491356,0,0,0.685,65.845,GET /api/v1/products (list),1216,0,64.856,51.739,608,756.538,459975,0,0,0.69,64.276,GET /api/v1/products/{id} (detail),290,0,71.79,54.593,145,216.421,31381,0,0,0.662,72.424
2026-04-09 13:35:02,50,1495,0,66.995,52.073,747.5,660.233,493524,0,0,0.749,66.659,GET /api/v1/products (list),1195,0,66.556,52.508,597.5,771.623,461044.5,0,0,0.747,66.92,GET /api/v1/products/{id} (detail),300,0,68.743,50.265,150,216.53,32479.5,0,0,0.757,65.62
2026-04-09 13:35:04,50,1467,0,67.952,51.158,733.5,641.202,470321.5,0,0,0.81,67.566,GET /api/v1/products (list),1155,0,66.587,51.622,577.5,755.894,436529,0,0,0.816,66.378,GET /api/v1/products/{id} (detail),312,0,73.003,49.074,156,216.619,33792.5,0,0,0.788,71.965
2026-04-09 13:35:06,50,1489,0,67.069,51.013,744.5,698.776,520238.5,0,0,0.722,66.762,GET /api/v1/products (list),1212,0,65.245,50.639,606,808.95,490224,0,0,0.725,65.483,GET /api/v1/products/{id} (detail),277,0,75.051,51.871,138.5,216.711,30014.5,0,0,0.708,72.354
2026-04-09 13:35:08,50,1507,0,66.483,53.066,753.5,652.987,492025.5,0,0,0.646,66.265,GET /api/v1/products (list),1200,0,65.159,52.487,600,764.633,458780,0,0,0.648,65.13,GET /api/v1/products/{id} (detail),307,0,71.658,54.969,153.5,216.583,33245.5,0,0,0.635,70.7
2026-04-09 13:35:10,50,1486,0,67.045,50.578,743,699.931,520048.5,0,0,0.775,66.623,GET /api/v1/products (list),1214,0,65.981,50.207,607,808.188,490570,0,0,0.773,65.785,GET /api/v1/products/{id} (detail),272,0,71.794,51.939,136,216.754,29478.5,0,0,0.779,70.364
2026-04-09 13:35:12,50,1472,0,68.202,53.68,736,685.783,504736.5,0,0,0.724,67.857,GET /api/v1/products (list),1171,0,67.325,53.314,585.5,806.411,472153.5,0,0,0.729,67.228,GET /api/v1/products/{id} (detail),301,0,71.615,54.945,150.5,216.498,32583,0,0,0.701,70.306
2026-04-09 13:35:14,50,1488,0,66.983,49.212,744,654.062,486622,0,0,0.977,66.669,GET /api/v1/products (list),1159,0,66.133,49.797,579.5,778.269,451007,0,0,0.98,66.336,GET /api/v1/products/{id} (detail),329,0,69.979,46.973,164.5,216.505,35615,0,0,0.967,67.839
2026-04-09 13:35:16,50,1485,0,67.051,48.409,742.5,684.538,508269.5,0,0,0.714,66.738,GET /api/v1/products (list),1181,0,66.121,48.502,590.5,805.029,475369.5,0,0,0.714,66.767,GET /api/v1/products/{id} (detail),304,0,70.664,47.873,152,216.447,32900,0,0,0.717,66.625
2026-04-09 13:35:18,50,1477,0,67.416,51.191,738.5,656.543,484857,0,0,0.676,67.097,GET /api/v1/products (list),1163,0,66.937,51.128,581.5,775.339,450859.5,0,0,0.674,67.083,GET /api/v1/products/{id} (detail),314,0,69.188,51.385,157,216.545,33997.5,0,0,0.685,67.153
2026-04-09 13:35:20,50,1493,0,67.234,51.268,746.5,703.235,524965,0,0,0.672,66.906,GET /api/v1/products (list),1208,0,67.638,52.301,604,818.008,494077,0,0,0.669,67.322,GET /api/v1/products/{id} (detail),285,0,65.523,46.599,142.5,216.758,30888,0,0,0.684,65.14
2026-04-09 13:35:22,50,1479,0,67.621,48.733,739.5,635.945,470281.5,0,0,0.818,67.31,GET /api/v1/products (list),1187,0,67.275,49.023,593.5,739.17,438697.5,0,0,0.819,66.457,GET /api/v1/products/{id} (detail),292,0,69.027,47.506,146,216.329,31584,0,0,0.815,70.777
2026-04-09 13:35:24,50,1512,0,65.397,48.717,756,674.591,509991,0,0,0.806,65.092,GET /api/v1/products (list),1234,0,64.635,48.752,617,777.838,479926,0,0,0.804,64.145,GET /api/v1/products/{id} (detail),278,0,68.781,48.414,139,216.295,30065,0,0,0.813,69.295
2026-04-09 13:35:26,50,1462,0,68.886,52.658,731,637.295,465863,0,0,0.784,68.533,GET /api/v1/products (list),1173,0,67.503,52.65,586.5,740.923,434551.5,0,0,0.783,68.35,GET /api/v1/products/{id} (detail),289,0,74.498,52.316,144.5,216.689,31311.5,0,0,0.785,69.273
2026-04-09 13:35:28,50,1499,0,66.397,49.695,749.5,631.337,473187,0,0,0.855,66.005,GET /api/v1/products (list),1191,0,65.527,49.509,595.5,738.601,439837,0,0,0.866,65.221,GET /api/v1/products/{id} (detail),308,0,69.76,50.268,154,216.558,33350,0,0,0.815,69.036
2026-04-09 13:35:30,50,1461,0,68.029,51.964,730.5,670.754,489985.5,0,0,0.685,67.699,GET /api/v1/products (list),1193,0,67.435,51.718,596.5,772.778,460962,0,0,0.686,67.466,GET /api/v1/products/{id} (detail),268,0,70.672,52.966,134,216.593,29023.5,0,0,0.683,68.735
2026-04-09 13:35:32,50,1480,0,67.818,52.099,740,665.187,492238.5,0,0,0.761,67.474,GET /api/v1/products (list),1192,0,68.169,52.782,596,773.601,461066,0,0,0.765,67.499,GET /api/v1/products/{id} (detail),288,0,66.368,49.147,144,216.476,31172.5,0,0,0.747,67.372
2026-04-09 13:35:34,50,1495,0,66.565,52.383,747.5,653.866,488764.5,0,0,0.814,66.233,GET /api/v1/products (list),1169,0,66.695,52.273,584.5,775.794,453451.5,0,0,0.826,66.163,GET /api/v1/products/{id} (detail),326,0,66.098,52.774,163,216.644,35313,0,0,0.77,66.485
2026-04-09 13:35:36,50,1476,0,68.012,52.902,738,655.064,483437.5,0,0,0.651,67.734,GET /api/v1/products (list),1186,0,67.17,52.221,593,762.285,452035,0,0,0.649,67.018,GET /api/v1/products/{id} (detail),290,0,71.455,55.469,145,216.569,31402.5,0,0,0.659,70.666
2026-04-09 13:35:38,50,1522,0,65.396,50.457,761,651.687,495933.5,0,0,0.613,65.114,GET /api/v1/products (list),1204,0,65.047,50.41,602,766.621,461506,0,0,0.613,65.056,GET /api/v1/products/{id} (detail),318,0,66.714,50.611,159,216.525,34427.5,0,0,0.613,65.336
2026-04-09 13:35:40,50,1504,0,66.152,50.215,752,703.598,529105.5,0,0,0.673,65.88,GET /api/v1/products (list),1209,0,66.56,50.73,604.5,822.306,497084,0,0,0.677,66.054,GET /api/v1/products/{id} (detail),295,0,64.481,48.011,147.5,217.095,32021.5,0,0,0.654,65.166
2026-04-09 13:35:42,50,1488,0,67.574,52.281,744,713.899,531141,0,0,0.622,67.288,GET /api/v1/products (list),1210,0,66.995,52.422,605,828.131,501019,0,0,0.615,66.836,GET /api/v1/products/{id} (detail),278,0,70.094,51.584,139,216.705,30122,0,0,0.651,69.252
2026-04-09 13:35:44,50,1566,0,63.727,49.39,783,654.234,512265.5,0,0,0.801,63.434,GET /api/v1/products (list),1261,0,64.565,49.819,630.5,760.09,479236.5,0,0,0.796,65.091,GET /api/v1/products/{id} (detail),305,0,60.262,47.417,152.5,216.584,33029,0,0,0.82,56.584
2026-04-09 13:35:46,50,1471,0,67.647,52.469,735.5,663.928,488319,0,0,0.703,67.398,GET /api/v1/products (list),1189,0,66.204,51.97,594.5,770.103,457826.5,0,0,0.699,65.618,GET /api/v1/products/{id} (detail),282,0,73.734,54.101,141,216.259,30492.5,0,0,0.72,74.904
2026-04-09 13:35:48,50,1507,0,66.12,49.442,753.5,676.994,510115,0,0,0.705,65.808,GET /api/v1/products (list),1196,0,67.012,50.222,598,796.685,476417.5,0,0,0.703,67.394,GET /api/v1/products/{id} (detail),311,0,62.691,46.16,155.5,216.704,33697.5,0,0,0.711,59.707
2026-04-09 13:35:50,50,1500,0,66.828,52.464,750,673.484,505113,0,0,0.663,66.513,GET /api/v1/products (list),1205,0,67.568,53.243,602.5,785.31,473149,0,0,0.685,66.843,GET /api/v1/products/{id} (detail),295,0,63.807,49.036,147.5,216.705,31964,0,0,0.576,65.163
2026-04-09 13:35:52,50,1472,0,67.976,51.055,736,643.793,473832,0,0,0.671,67.676,GET /api/v1/products (list),1178,0,67.55,51.108,589,750.502,442045.5,0,0,0.671,67.198,GET /api/v1/products/{id} (detail),294,0,69.684,50.806,147,216.235,31786.5,0,0,0.667,69.592
2026-04-09 13:35:54,50,1496,0,66.753,49.487,748,662.852,495813,0,0,0.57,66.428,GET /api/v1/products (list),1176,0,66.795,49.568,588,784.375,461212.5,0,0,0.566,66.517,GET /api/v1/products/{id} (detail),320,0,66.6,49.187,160,216.253,34600.5,0,0,0.581,66.103
2026-04-09 13:35:56,50,1468,0,68.101,51.174,734,648.014,475642.5,0,0,0.615,67.819,GET /api/v1/products (list),1165,0,67.32,51.03,582.5,760.235,442837,0,0,0.605,66.826,GET /api/v1/products/{id} (detail),303,0,71.106,51.616,151.5,216.538,32805.5,0,0,0.653,71.637
2026-04-09 13:35:58,50,1511,0,66.08,50.276,755.5,682.185,515390.5,0,0,0.614,65.805,GET /api/v1/products (list),1208,0,66.719,51.122,604,798.993,482592,0,0,0.611,65.644,GET /api/v1/products/{id} (detail),303,0,63.535,46.663,151.5,216.492,32798.5,0,0,0.627,66.449
2026-04-09 13:36:00,50,1501,0,66.641,49.897,750.5,669.736,502637,0,0,0.639,66.364,GET /api/v1/products (list),1209,0,65.734,49.929,604.5,779.169,471007.5,0,0,0.641,65.706,GET /api/v1/products/{id} (detail),292,0,70.397,49.589,146,216.64,31629.5,0,0,0.63,69.089
2026-04-09 13:36:02,50,1466,0,68.03,49.629,733,673.56,493719.5,0,0,0.743,67.758,GET /api/v1/products (list),1159,0,66.631,49.574,579.5,794.645,460497,0,0,0.751,66.081,GET /api/v1/products/{id} (detail),307,0,73.313,49.478,153.5,216.433,33222.5,0,0,0.713,74.088
2026-04-09 13:36:04,50,1500,0,66.818,50.683,750,645.492,484119,0,0,0.661,66.529,GET /api/v1/products (list),1206,0,66.709,50.494,603,750.056,452284,0,0,0.652,65.845,GET /api/v1/products/{id} (detail),294,0,67.265,51.45,147,216.565,31835,0,0,0.697,69.333
2026-04-09 13:36:06,50,1459,0,67.982,53.779,729.5,647.444,472310.5,0,0,0.625,67.721,GET /api/v1/products (list),1190,0,66.166,53.566,595,744.86,443191.5,0,0,0.618,66.222,GET /api/v1/products/{id} (detail),269,0,76.015,53.983,134.5,216.498,29119,0,0,0.658,74.353
2026-04-09 13:36:08,50,1516,0,66.095,51.555,758,645.829,489538.5,0,0,0.591,65.862,GET /api/v1/products (list),1204,0,66.177,51.928,602,757.069,455755.5,0,0,0.594,66.69,GET /api/v1/products/{id} (detail),312,0,65.779,50.085,156,216.558,33783,0,0,0.58,62.667
2026-04-09 13:36:10,50,1525,0,65.773,50.472,762.5,663.271,505744,0,0,0.644,65.511,GET /api/v1/products (list),1222,0,65.311,50.189,611,773.979,472901,0,0,0.649,65.549,GET /api/v1/products/{id} (detail),303,0,67.637,51.558,151.5,216.785,32843,0,0,0.624,65.36
2026-04-09 13:36:12,50,1473,0,67.381,51.042,736.5,675.599,497578.5,0,0,0.635,67.118,GET /api/v1/products (list),1177,0,67.765,50.419,588.5,790.989,465497,0,0,0.636,67.631,GET /api/v1/products/{id} (detail),296,0,65.855,53.418,148,216.767,32081.5,0,0,0.632,65.078
2026-04-09 13:36:14,50,1511,0,66.15,53.084,755.5,670.235,506362.5,0,0,0.777,65.877,GET /api/v1/products (list),1191,0,65.385,52.838,595.5,792.134,471716,0,0,0.767,64.623,GET /api/v1/products/{id} (detail),320,0,68.997,53.896,160,216.541,34646.5,0,0,0.812,70.544
2026-04-09 13:36:16,50,1483,0,67.398,55.661,741.5,671.157,497663,0,0,0.621,67.155,GET /api/v1/products (list),1195,0,67.654,56.222,597.5,780.721,466481,0,0,0.631,66.924,GET /api/v1/products/{id} (detail),288,0,66.337,53.256,144,216.542,31182,0,0,0.58,68.115
2026-04-09 13:36:18,50,1548,0,64.733,52.402,774,698.364,540533.5,0,0,0.605,64.45,GET /api/v1/products (list),1257,0,64.101,52.147,628.5,809.963,509061.5,0,0,0.598,64.095,GET /api/v1/products/{id} (detail),291,0,67.464,53.405,145.5,216.302,31472,0,0,0.636,65.983
2026-04-09 13:36:20,50,1516,0,65.749,51.045,758,615.887,466842,0,0,0.621,65.462,GET /api/v1/products (list),1202,0,65.212,51.671,601,720.219,432851.5,0,0,0.63,65.36,GET /api/v1/products/{id} (detail),314,0,67.803,48.521,157,216.5,33990.5,0,0,0.586,65.854
2026-04-09 13:36:22,50,1465,0,68.096,53.249,732.5,681.909,499498,0,0,0.644,67.831,GET /api/v1/products (list),1156,0,67.217,53.421,578,806.35,466070.5,0,0,0.638,66.155,GET /api/v1/products/{id} (detail),309,0,71.385,52.472,154.5,216.359,33427.5,0,0,0.67,74.104
2026-04-09 13:36:24,50,1532,0,65.245,49.883,766,640.242,490425,0,0,0.662,64.98,GET /api/v1/products (list),1234,0,64.533,49.386,617,742.528,458139.5,0,0,0.669,64.108,GET /api/v1/products/{id} (detail),298,0,68.191,51.786,149,216.681,32285.5,0,0,0.634,68.594
2026-04-09 13:36:26,50,1481,0,67.22,52.8,740.5,627.504,464666.5,0,0,0.638,66.999,GET /api/v1/products (list),1158,0,64.934,52.639,579,742.161,429711.5,0,0,0.642,65.116,GET /api/v1/products/{id} (detail),323,0,75.415,52.561,161.5,216.44,34955,0,0,0.625,73.749
2026-04-09 13:36:28,50,1535,0,65.134,50.319,767.5,680.773,522493.5,0,0,0.601,64.88,GET /api/v1/products (list),1242,0,65.271,50.389,621,790.32,490789,0,0,0.593,65.393,GET /api/v1/products/{id} (detail),293,0,64.553,50.017,146.5,216.413,31704.5,0,0,0.631,62.706
2026-04-09 13:36:30,50,1175,0,85.774,89.822,587.5,702.499,412718,0,0,0.694,85.406,GET /api/v1/products (list),947,0,84.713,90.171,473.5,819.464,388016,0,0,0.694,84.912,GET /api/v1/products/{id} (detail),228,0,90.184,88.218,114,216.684,24702,0,0,0.693,87.456
2026-04-09 13:36:32,50,1488,0,66.473,50.591,744,673.958,501425,0,0,0.642,66.218,GET /api/v1/products (list),1193,0,65.197,50.179,596.5,786.944,469412,0,0,0.65,65.066,GET /api/v1/products/{id} (detail),295,0,71.634,51.905,147.5,217.037,32013,0,0,0.607,70.875
2026-04-09 13:36:34,50,1539,0,64.984,50.434,769.5,691.721,532279.5,0,0,0.769,64.752,GET /api/v1/products (list),1242,0,63.85,50.514,621,805.376,500138.5,0,0,0.77,63.811,GET /api/v1/products/{id} (detail),297,0,69.724,49.822,148.5,216.438,32141,0,0,0.764,68.687
2026-04-09 13:36:36,50,1501,0,66.606,54.595,750.5,680.981,511076.5,0,0,0.651,66.309,GET /api/v1/products (list),1207,0,66.717,55.236,603.5,794.037,479201.5,0,0,0.659,66.763,GET /api/v1/products/{id} (detail),294,0,66.146,51.877,147,216.837,31875,0,0,0.616,64.446
2026-04-09 13:36:38,50,1509,0,66.362,53.617,754.5,672.049,507061,0,0,0.61,66.112,GET /api/v1/products (list),1200,0,65.385,53.916,600,789.359,473615.5,0,0,0.616,65.167,GET /api/v1/products/{id} (detail),309,0,70.159,52.269,154.5,216.476,33445.5,0,0,0.589,69.783
2026-04-09 13:36:40,50,1487,0,67.02,54.505,743.5,661.794,492043.5,0,0,0.672,66.777,GET /api/v1/products (list),1188,0,66.697,54.381,594,773.871,459679.5,0,0,0.684,66.513,GET /api/v1/products/{id} (detail),299,0,68.301,54.976,149.5,216.482,32364,0,0,0.622,67.826
2026-04-09 13:36:42,50,1491,0,67.134,54.45,745.5,631.336,470661,0,0,0.665,66.859,GET /api/v1/products (list),1178,0,66.666,54.739,589,741.567,436783,0,0,0.674,67.142,GET /api/v1/products/{id} (detail),313,0,68.895,53.31,156.5,216.473,33878,0,0,0.629,65.796
2026-04-09 13:36:44,50,1539,0,65.002,53.999,769.5,684.259,526537,0,0,0.684,64.699,GET /api/v1/products (list),1226,0,65.082,54.205,613,803.642,492632.5,0,0,0.662,65.672,GET /api/v1/products/{id} (detail),313,0,64.69,53.181,156.5,216.642,33904.5,0,0,0.767,60.888
2026-04-09 13:36:46,50,1489,0,66.966,51.51,744.5,691.636,514923,0,0,0.617,66.729,GET /api/v1/products (list),1206,0,65.678,51.159,603,803.074,484253.5,0,0,0.616,65.704,GET /api/v1/products/{id} (detail),283,0,72.456,52.627,141.5,216.746,30669.5,0,0,0.618,71.099
2026-04-09 13:36:48,50,1532,0,64.829,49.279,766,671.133,514088,0,0,0.716,64.582,GET /api/v1/products (list),1250,0,64.946,50.194,625,773.708,483567.5,0,0,0.73,65.197,GET /api/v1/products/{id} (detail),282,0,64.312,44.995,141,216.457,30520.5,0,0,0.656,61.855
2026-04-09 13:36:50,50,1538,0,65.537,50.373,769,671.235,516180,0,0,0.702,65.202,GET /api/v1/products (list),1231,0,64.79,50.468,615.5,784.62,482933.5,0,0,0.705,64.096,GET /api/v1/products/{id} (detail),307,0,68.531,49.88,153.5,216.59,33246.5,0,0,0.687,69.638
